Тираж;Дата;№П 1;№П 2;№П 3;№П 4;№П 5;№П 6;№П 7;№П 8
1;16.09.2014;Ч;Ч;Ч;Н;Ч;Ч;Н;Н
2;16.09.2014;Ч;Ч;Н;Ч;Ч;Н;Н;Н
3;16.09.2014;Ч;Ч;Н;Н;Н;Ч;Н;Ч
4;16.09.2014;Н;Н;Н;Н;Ч;Н;Ч;Н
5;16.09.2014;Н;Ч;Н;Н;Н;Ч;Н;Ч
6;16.09.2014;Н;Ч;Н;Ч;Ч;Ч;Н;Ч
7;16.09.2014;Н;Ч;Ч;Ч;Н;Ч;Н;Н
8;16.09.2014;Н;Н;Ч;Н;Н;Ч;Н;Н
9;16.09.2014;Н;Ч;Ч;Н;Ч;Ч;Ч;Ч
10;16.09.2014;Ч;Н;Н;Ч;Н;Ч;Н;Н
11;16.09.2014;Н;Н;Ч;Ч;Н;Ч;Ч;Ч
12;16.09.2014;Н;Н;Ч;Н;Ч;Н;Ч;Н
13;16.09.2014;Н;Н;Ч;Н;Н;Ч;Ч;Н
14;16.09.2014;Ч;Ч;Н;Ч;Н;Ч;Н;Ч
15;16.09.2014;Н;Н;Н;Ч;Н;Н;Ч;Н
16;16.09.2014;Н;Ч;Ч;Н;Н;Н;Н;Ч
17;16.09.2014;Ч;Ч;Н;Ч;Ч;Н;Ч;Ч
18;16.09.2014;Н;Н;Ч;Ч;Ч;Н;Ч;Ч
19;16.09.2014;Н;Н;Ч;Н;Ч;Н;Ч;Ч
20;16.09.2014;Ч;Н;Ч;Н;Ч;Н;Н;Ч
21;16.09.2014;Ч;Н;Ч;Н;Ч;Н;Ч;Ч
22;16.09.2014;Н;Ч;Н;Н;Ч;Ч;Ч;Ч
23;16.09.2014;Н;Н;Ч;Н;Н;Ч;Ч;Ч
24;16.09.2014;Ч;Н;Н;Ч;Ч;Н;Н;Ч
25;16.09.2014;Н;Ч;Ч;Н;Н;Н;Н;Ч
26;16.09.2014;Н;Ч;Н;Ч;Н;Ч;Н;Н
27;16.09.2014;Н;Ч;Н;Ч;Н;Н;Н;Н
28;16.09.2014;Н;Ч;Н;Н;Ч;Ч;Н;Ч
29;16.09.2014;Ч;Н;Ч;Ч;Ч;Ч;Н;Н
30;16.09.2014;Н;Н;Н;Н;Ч;Н;Ч;Ч
31;16.09.2014;Н;Ч;Н;Ч;Ч;Н;Ч;Ч
32;16.09.2014;Ч;Ч;Н;Н;Ч;Н;Ч;Н
33;16.09.2014;Н;Ч;Ч;Н;Н;Н;Ч;Н
34;16.09.2014;Ч;Ч;Ч;Н;Ч;Ч;Ч;Ч
35;16.09.2014;Н;Н;Ч;Н;Н;Н;Ч;Ч
36;16.09.2014;Ч;Ч;Ч;Н;Н;Ч;Ч;Н
37;16.09.2014;Н;Ч;Ч;Ч;Ч;Н;Ч;Ч
38;16.09.2014;Ч;Ч;Н;Ч;Н;Н;Ч;Ч
39;16.09.2014;Н;Н;Н;Ч;Н;Ч;Н;Ч
40;16.09.2014;Н;Ч;Н;Ч;Ч;Ч;Н;Ч
41;16.09.2014;Ч;Н;Н;Н;Ч;Ч;Н;Ч
42;16.09.2014;Н;Ч;Н;Ч;Ч;Н;Н;Н
43;16.09.2014;Ч;Ч;Н;Ч;Ч;Н;Ч;Ч
44;16.09.2014;Ч;Н;Ч;Ч;Н;Ч;Н;Ч
45;16.09.2014;Н;Н;Н;Ч;Ч;Н;Ч;Н
46;16.09.2014;Н;Ч;Н;Ч;Н;Ч;Н;Ч
47;16.09.2014;Н;Ч;Н;Ч;Н;Ч;Н;Ч
48;16.09.2014;Н;Н;Н;Ч;Н;Ч;Н;Ч
49;16.09.2014;Н;Н;Н;Н;Ч;Ч;Н;Н
50;16.09.2014;Ч;Ч;Н;Н;Ч;Ч;Н;Ч
51;16.09.2014;Ч;Ч;Ч;Н;Н;Н;Н;Ч
52;16.09.2014;Ч;Ч;Н;Н;Н;Ч;Н;Ч
53;16.09.2014;Н;Ч;Н;Ч;Н;Ч;Н;Ч
54;16.09.2014;Н;Н;Ч;Ч;Н;Н;Ч;Ч
55;16.09.2014;Н;Ч;Ч;Н;Н;Ч;Ч;Н
56;16.09.2014;Н;Ч;Н;Ч;Ч;Н;Н;Ч
57;16.09.2014;Н;Ч;Н;Н;Ч;Н;Н;Н
58;16.09.2014;Н;Ч;Н;Ч;Ч;Ч;Ч;Ч
59;16.09.2014;Ч;Ч;Н;Ч;Н;Ч;Ч;Ч
60;16.09.2014;Н;Ч;Н;Н;Ч;Н;Ч;Ч
61;16.09.2014;Н;Ч;Н;Н;Ч;Ч;Ч;Н
62;16.09.2014;Н;Ч;Ч;Н;Н;Ч;Н;Ч
63;16.09.2014;Н;Ч;Н;Ч;Н;Н;Ч;Ч
64;16.09.2014;Н;Н;Н;Ч;Ч;Н;Ч;Ч
65;16.09.2014;Ч;Н;Ч;Ч;Н;Н;Ч;Ч
66;16.09.2014;Н;Н;Ч;Н;Н;Ч;Ч;Н
67;16.09.2014;Н;Ч;Н;Ч;Ч;Ч;Н;Ч
68;16.09.2014;Ч;Ч;Н;Н;Ч;Ч;Н;Ч
69;16.09.2014;Н;Ч;Н;Н;Ч;Н;Н;Ч
70;16.09.2014;Н;Н;Ч;Ч;Н;Ч;Ч;Н
71;16.09.2014;Н;Н;Н;Ч;Ч;Н;Ч;Н
72;16.09.2014;Н;Ч;Н;Н;Н;Ч;Ч;Ч
73;16.09.2014;Н;Ч;Ч;Ч;Н;Ч;Н;Н
74;16.09.2014;Н;Н;Ч;Н;Ч;Ч;Ч;Н
75;16.09.2014;Ч;Ч;Н;Н;Ч;Ч;Н;Ч
76;16.09.2014;Ч;Н;Ч;Н;Ч;Н;Ч;Н
77;16.09.2014;Н;Н;Ч;Н;Ч;Ч;Н;Ч
78;16.09.2014;Н;Ч;Н;Ч;Ч;Ч;Н;Ч
79;16.09.2014;Н;Н;Н;Ч;Н;Ч;Ч;Н
80;16.09.2014;Н;Ч;Н;Ч;Н;Ч;Ч;Н
81;16.09.2014;Ч;Ч;Н;Н;Ч;Ч;Ч;Ч
82;16.09.2014;Ч;Н;Н;Ч;Н;Ч;Н;Н
83;16.09.2014;Н;Ч;Н;Ч;Н;Н;Н;Ч
84;16.09.2014;Н;Ч;Н;Ч;Н;Ч;Н;Ч
85;16.09.2014;Н;Н;Ч;Ч;Ч;Н;Ч;Н
86;16.09.2014;Ч;Ч;Ч;Н;Ч;Ч;Ч;Ч
87;16.09.2014;Н;Ч;Ч;Ч;Ч;Ч;Н;Ч
88;16.09.2014;Н;Ч;Ч;Н;Н;Н;Н;Ч
89;16.09.2014;Н;Ч;Н;Ч;Н;Ч;Ч;Ч
90;16.09.2014;Н;Н;Ч;Ч;Ч;Н;Ч;Н
91;16.09.2014;Н;Н;Н;Ч;Н;Ч;Ч;Н
92;16.09.2014;Н;Н;Н;Ч;Ч;Н;Ч;Н
93;16.09.2014;Ч;Н;Ч;Ч;Н;Ч;Н;Ч
94;16.09.2014;Ч;Н;Ч;Н;Ч;Ч;Н;Н
95;16.09.2014;Ч;Н;Ч;Ч;Н;Ч;Ч;Ч
96;16.09.2014;Н;Ч;Н;Ч;Ч;Н;Ч;Ч
97;16.09.2014;Ч;Н;Н;Н;Ч;Ч;Ч;Н
98;16.09.2014;Ч;Н;Н;Ч;Н;Н;Ч;Ч
99;16.09.2014;Н;Ч;Н;Н;Ч;Н;Н;Н
100;16.09.2014;Н;Ч;Ч;Н;Ч;Н;Ч;Ч
101;16.09.2014;Н;Н;Ч;Н;Ч;Н;Н;Ч
102;16.09.2014;Н;Н;Ч;Н;Н;Ч;Н;Ч
103;16.09.2014;Н;Н;Ч;Н;Ч;Н;Н;Н
104;16.09.2014;Н;Ч;Н;Ч;Н;Ч;Н;Ч
105;16.09.2014;Ч;Ч;Н;Ч;Ч;Н;Ч;Ч
106;16.09.2014;Н;Ч;Ч;Н;Ч;Н;Ч;Н
107;16.09.2014;Н;Ч;Н;Ч;Ч;Ч;Н;Ч
108;16.09.2014;Н;Н;Ч;Н;Ч;Ч;Н;Ч
109;16.09.2014;Ч;Ч;Н;Н;Ч;Н;Ч;Ч
110;16.09.2014;Ч;Ч;Н;Н;Ч;Н;Н;Н
111;16.09.2014;Н;Н;Н;Н;Ч;Н;Ч;Ч
112;16.09.2014;Н;Ч;Н;Н;Ч;Ч;Ч;Н
113;16.09.2014;Н;Ч;Н;Ч;Н;Ч;Ч;Ч
114;16.09.2014;Н;Н;Н;Н;Ч;Н;Ч;Ч
115;16.09.2014;Н;Н;Н;Ч;Ч;Ч;Н;Н
116;16.09.2014;Н;Н;Н;Н;Ч;Ч;Н;Ч
117;16.09.2014;Н;Н;Ч;Ч;Ч;Ч;Ч;Н
118;16.09.2014;Ч;Ч;Н;Н;Ч;Н;Н;Ч
119;16.09.2014;Ч;Ч;Н;Ч;Н;Н;Ч;Н
120;16.09.2014;Н;Н;Н;Н;Н;Ч;Н;Н
121;16.09.2014;Н;Ч;Н;Н;Ч;Ч;Ч;Н
122;16.09.2014;Ч;Ч;Ч;Н;Н;Ч;Ч;Н
123;16.09.2014;Н;Ч;Ч;Ч;Н;Ч;Н;Ч
124;16.09.2014;Н;Ч;Н;Ч;Ч;Н;Ч;Н
125;16.09.2014;Ч;Н;Н;Ч;Н;Ч;Ч;Н
126;16.09.2014;Ч;Ч;Н;Ч;Н;Ч;Н;Ч
127;16.09.2014;Н;Ч;Ч;Ч;Н;Ч;Ч;Ч
128;16.09.2014;Ч;Ч;Н;Ч;Ч;Н;Н;Ч
129;16.09.2014;Ч;Ч;Ч;Н;Ч;Н;Н;Ч
130;16.09.2014;Н;Ч;Ч;Н;Ч;Н;Ч;Н
131;16.09.2014;Ч;Ч;Ч;Н;Н;Ч;Н;Ч
132;16.09.2014;Ч;Ч;Н;Ч;Н;Ч;Н;Ч
133;16.09.2014;Н;Ч;Ч;Ч;Ч;Н;Ч;Н
134;16.09.2014;Ч;Ч;Ч;Н;Ч;Н;Н;Ч
135;16.09.2014;Ч;Ч;Ч;Ч;Н;Ч;Н;Ч
136;16.09.2014;Н;Н;Ч;Н;Ч;Н;Ч;Ч
137;16.09.2014;Ч;Ч;Н;Ч;Ч;Н;Н;Ч
138;16.09.2014;Ч;Н;Ч;Ч;Ч;Ч;Ч;Н
139;16.09.2014;Ч;Н;Ч;Ч;Н;Н;Н;Н
140;16.09.2014;Н;Ч;Н;Ч;Н;Ч;Н;Н
141;16.09.2014;Н;Н;Ч;Ч;Н;Н;Ч;Н
142;16.09.2014;Н;Н;Ч;Н;Ч;Н;Ч;Ч
143;16.09.2014;Ч;Н;Н;Н;Н;Н;Ч;Ч
144;16.09.2014;Н;Ч;Ч;Н;Ч;Н;Ч;Ч
145;16.09.2014;Ч;Ч;Ч;Ч;Н;Н;Ч;Ч
146;16.09.2014;Н;Ч;Н;Н;Ч;Н;Н;Ч
147;16.09.2014;Н;Н;Ч;Н;Н;Н;Н;Ч
148;16.09.2014;Н;Ч;Н;Ч;Н;Н;Н;Ч
149;16.09.2014;Н;Ч;Н;Ч;Н;Ч;Н;Ч
150;16.09.2014;Ч;Н;Н;Н;Ч;Н;Ч;Н
151;16.09.2014;Н;Ч;Ч;Н;Н;Н;Н;Ч
152;16.09.2014;Н;Ч;Н;Н;Ч;Ч;Ч;Н
153;16.09.2014;Н;Ч;Ч;Н;Н;Н;Н;Н
154;16.09.2014;Ч;Н;Н;Н;Ч;Н;Ч;Ч
155;16.09.2014;Ч;Н;Ч;Ч;Н;Н;Ч;Н
156;16.09.2014;Н;Н;Ч;Ч;Н;Ч;Н;Ч
157;16.09.2014;Н;Ч;Ч;Ч;Н;Ч;Ч;Н
158;16.09.2014;Ч;Н;Ч;Н;Ч;Н;Ч;Н
159;16.09.2014;Н;Ч;Н;Ч;Ч;Н;Н;Ч
160;16.09.2014;Н;Ч;Ч;Н;Н;Ч;Н;Ч
161;16.09.2014;Н;Ч;Ч;Н;Н;Ч;Ч;Н
162;16.09.2014;Н;Н;Ч;Н;Ч;Н;Н;Н
163;16.09.2014;Ч;Ч;Ч;Н;Ч;Н;Ч;Ч
164;16.09.2014;Н;Н;Н;Ч;Ч;Ч;Н;Н
165;16.09.2014;Н;Ч;Н;Н;Ч;Н;Н;Ч
166;16.09.2014;Н;Ч;Ч;Ч;Н;Ч;Ч;Ч
167;16.09.2014;Ч;Н;Н;Ч;Н;Н;Ч;Н
168;16.09.2014;Н;Н;Ч;Н;Ч;Н;Ч;Н
169;16.09.2014;Ч;Ч;Н;Н;Н;Ч;Ч;Ч
170;16.09.2014;Н;Н;Н;Ч;Н;Ч;Ч;Н
171;16.09.2014;Н;Ч;Н;Ч;Н;Н;Н;Н
172;16.09.2014;Н;Ч;Н;Ч;Н;Ч;Ч;Н
173;16.09.2014;Ч;Н;Ч;Н;Ч;Н;Ч;Ч
174;16.09.2014;Н;Ч;Н;Н;Н;Н;Н;Ч
175;16.09.2014;Ч;Н;Ч;Н;Н;Ч;Н;Ч
176;16.09.2014;Ч;Н;Н;Н;Ч;Н;Ч;Ч
177;16.09.2014;Н;Ч;Н;Ч;Н;Ч;Ч;Ч
178;16.09.2014;Ч;Н;Ч;Н;Ч;Н;Ч;Ч
179;16.09.2014;Ч;Н;Ч;Н;Ч;Н;Ч;Н
180;16.09.2014;Н;Ч;Ч;Н;Ч;Н;Ч;Н
181;16.09.2014;Ч;Н;Ч;Ч;Ч;Ч;Н;Ч
182;16.09.2014;Ч;Ч;Н;Ч;Н;Ч;Н;Н
183;16.09.2014;Н;Ч;Ч;Ч;Ч;Ч;Н;Ч
184;16.09.2014;Н;Н;Ч;Н;Ч;Н;Н;Ч
185;16.09.2014;Ч;Н;Ч;Н;Н;Ч;Н;Ч
186;16.09.2014;Н;Ч;Ч;Н;Н;Н;Н;Ч
187;16.09.2014;Н;Ч;Н;Ч;Н;Ч;Н;Ч
188;16.09.2014;Ч;Н;Ч;Н;Н;Н;Н;Ч
189;16.09.2014;Ч;Н;Ч;Ч;Н;Н;Ч;Ч
190;16.09.2014;Н;Ч;Н;Н;Ч;Ч;Ч;Н
191;16.09.2014;Н;Н;Ч;Н;Н;Н;Ч;Н
192;16.09.2014;Н;Н;Н;Н;Н;Н;Ч;Н
193;16.09.2014;Н;Ч;Н;Ч;Ч;Ч;Н;Н
194;16.09.2014;Ч;Н;Ч;Н;Ч;Ч;Н;Ч
195;16.09.2014;Н;Ч;Н;Ч;Ч;Н;Ч;Н
196;16.09.2014;Н;Ч;Н;Н;Ч;Н;Ч;Н
197;16.09.2014;Н;Ч;Ч;Ч;Ч;Ч;Н;Н
198;16.09.2014;Н;Ч;Н;Ч;Ч;Ч;Ч;Ч
199;16.09.2014;Н;Ч;Ч;Н;Н;Ч;Н;Н
200;16.09.2014;Ч;Ч;Н;Ч;Н;Ч;Ч;Н
201;16.09.2014;Н;Н;Н;Ч;Н;Ч;Н;Ч
202;16.09.2014;Н;Ч;Н;Ч;Н;Ч;Н;Н
203;16.09.2014;Ч;Ч;Н;Ч;Ч;Ч;Н;Ч
204;16.09.2014;Н;Ч;Н;Ч;Н;Ч;Ч;Н
205;16.09.2014;Ч;Н;Ч;Ч;Н;Ч;Н;Ч
206;16.09.2014;Ч;Ч;Н;Н;Ч;Н;Ч;Ч
207;16.09.2014;Н;Ч;Н;Ч;Ч;Ч;Н;Н
208;16.09.2014;Н;Ч;Н;Ч;Ч;Н;Ч;Н
209;16.09.2014;Н;Н;Ч;Ч;Н;Ч;Ч;Н
210;16.09.2014;Ч;Н;Ч;Ч;Н;Ч;Н;Ч
211;16.09.2014;Н;Ч;Н;Ч;Н;Ч;Н;Ч
212;16.09.2014;Ч;Н;Ч;Ч;Ч;Н;Ч;Н
213;16.09.2014;Н;Ч;Н;Ч;Ч;Н;Ч;Н
214;16.09.2014;Ч;Н;Ч;Н;Ч;Н;Н;Ч
215;16.09.2014;Н;Ч;Н;Н;Ч;Н;Н;Ч
216;16.09.2014;Н;Ч;Н;Ч;Ч;Ч;Н;Ч
217;16.09.2014;Ч;Ч;Н;Ч;Н;Ч;Н;Ч
218;16.09.2014;Ч;Ч;Н;Ч;Н;Ч;Ч;Ч
219;16.09.2014;Ч;Ч;Н;Ч;Н;Ч;Ч;Н
220;16.09.2014;Н;Ч;Н;Н;Н;Н;Ч;Н
221;16.09.2014;Н;Н;Н;Н;Н;Ч;Ч;Ч
222;16.09.2014;Н;Ч;Н;Н;Ч;Ч;Н;Н
223;16.09.2014;Ч;Н;Ч;Ч;Н;Ч;Н;Ч
224;16.09.2014;Ч;Н;Ч;Ч;Ч;Ч;Н;Ч
225;16.09.2014;Ч;Н;Ч;Ч;Ч;Н;Ч;Н
226;16.09.2014;Ч;Н;Ч;Н;Н;Ч;Н;Н
227;16.09.2014;Н;Н;Н;Ч;Н;Ч;Н;Ч
228;16.09.2014;Н;Ч;Н;Н;Ч;Н;Н;Ч
229;17.09.2014;Ч;Н;Н;Н;Н;Ч;Н;Ч
230;17.09.2014;Н;Ч;Н;Ч;Н;Н;Н;Н
231;17.09.2014;Ч;Ч;Ч;Н;Н;Н;Ч;Ч
232;17.09.2014;Н;Ч;Ч;Н;Н;Ч;Н;Ч
233;17.09.2014;Ч;Н;Ч;Н;Ч;Ч;Н;Ч
234;17.09.2014;Н;Н;Ч;Ч;Ч;Н;Ч;Н
235;17.09.2014;Ч;Н;Н;Н;Ч;Ч;Н;Ч
236;17.09.2014;Ч;Ч;Ч;Н;Ч;Ч;Н;Н
237;17.09.2014;Ч;Н;Ч;Ч;Ч;Н;Ч;Ч
238;17.09.2014;Н;Ч;Н;Ч;Ч;Н;Ч;Ч
239;17.09.2014;Н;Н;Н;Ч;Н;Ч;Н;Ч
240;17.09.2014;Н;Ч;Н;Ч;Ч;Н;Ч;Н
241;17.09.2014;Ч;Н;Ч;Н;Н;Ч;Н;Ч
242;17.09.2014;Н;Ч;Н;Ч;Н;Н;Ч;Ч
243;17.09.2014;Н;Ч;Ч;Н;Ч;Н;Ч;Н
244;17.09.2014;Н;Ч;Ч;Н;Н;Ч;Н;Ч
245;17.09.2014;Ч;Ч;Н;Ч;Н;Ч;Н;Ч
246;17.09.2014;Н;Н;Ч;Н;Ч;Ч;Н;Н
247;17.09.2014;Н;Н;Ч;Н;Ч;Н;Н;Ч
248;17.09.2014;Н;Ч;Н;Н;Ч;Ч;Н;Ч
249;17.09.2014;Н;Н;Ч;Н;Н;Н;Ч;Н
250;17.09.2014;Н;Ч;Ч;Н;Н;Ч;Н;Н
251;17.09.2014;Н;Н;Ч;Н;Ч;Н;Ч;Ч
252;17.09.2014;Н;Ч;Н;Ч;Н;Н;Ч;Ч
253;17.09.2014;Н;Н;Ч;Ч;Н;Ч;Н;Н
254;17.09.2014;Н;Ч;Н;Ч;Ч;Ч;Н;Ч
255;17.09.2014;Ч;Н;Ч;Н;Ч;Ч;Н;Ч
256;17.09.2014;Ч;Н;Ч;Н;Н;Ч;Н;Ч
257;17.09.2014;Н;Ч;Н;Н;Ч;Н;Ч;Н
258;17.09.2014;Н;Н;Н;Н;Н;Ч;Ч;Н
259;17.09.2014;Н;Ч;Н;Н;Ч;Н;Ч;Н
260;17.09.2014;Ч;Ч;Н;Ч;Ч;Н;Н;Н
261;17.09.2014;Ч;Ч;Н;Ч;Ч;Н;Ч;Н
262;17.09.2014;Н;Н;Н;Ч;Ч;Ч;Н;Ч
263;17.09.2014;Ч;Н;Ч;Н;Н;Н;Н;Ч
264;17.09.2014;Н;Ч;Ч;Н;Ч;Н;Н;Ч
265;17.09.2014;Ч;Н;Ч;Н;Ч;Ч;Н;Ч
266;17.09.2014;Ч;Ч;Н;Ч;Н;Н;Ч;Н
267;17.09.2014;Н;Ч;Ч;Н;Ч;Н;Ч;Н
268;17.09.2014;Н;Н;Ч;Н;Ч;Н;Н;Н
269;17.09.2014;Н;Н;Ч;Н;Ч;Н;Ч;Ч
270;17.09.2014;Ч;Ч;Н;Н;Ч;Н;Ч;Ч
271;17.09.2014;Ч;Ч;Ч;Н;Ч;Ч;Н;Ч
272;17.09.2014;Н;Н;Ч;Ч;Н;Н;Ч;Ч
273;17.09.2014;Ч;Ч;Н;Ч;Н;Н;Ч;Ч
274;17.09.2014;Ч;Ч;Н;Ч;Ч;Ч;Ч;Н
275;17.09.2014;Н;Ч;Н;Ч;Н;Н;Ч;Н
276;17.09.2014;Н;Ч;Н;Н;Ч;Н;Н;Ч
277;17.09.2014;Н;Ч;Н;Ч;Ч;Ч;Н;Ч
278;17.09.2014;Ч;Ч;Ч;Н;Н;Н;Ч;Н
279;17.09.2014;Ч;Н;Н;Ч;Ч;Н;Н;Ч
280;17.09.2014;Н;Н;Н;Н;Ч;Ч;Н;Н
281;17.09.2014;Н;Ч;Н;Ч;Н;Ч;Ч;Ч
282;17.09.2014;Ч;Ч;Н;Н;Ч;Н;Ч;Ч
283;17.09.2014;Н;Н;Н;Ч;Н;Ч;Н;Ч
284;17.09.2014;Ч;Н;Ч;Н;Ч;Н;Н;Ч
285;17.09.2014;Н;Н;Н;Ч;Н;Ч;Н;Ч
286;17.09.2014;Ч;Н;Ч;Ч;Ч;Ч;Ч;Н
287;17.09.2014;Ч;Ч;Ч;Н;Ч;Н;Н;Н
288;17.09.2014;Ч;Н;Н;Ч;Ч;Н;Н;Ч
289;17.09.2014;Ч;Ч;Н;Н;Ч;Н;Н;Ч
290;17.09.2014;Н;Ч;Н;Ч;Ч;Ч;Н;Ч
291;17.09.2014;Ч;Н;Ч;Н;Н;Ч;Н;Ч
292;17.09.2014;Н;Ч;Ч;Н;Н;Ч;Ч;Н
293;17.09.2014;Ч;Н;Ч;Ч;Н;Ч;Ч;Ч
294;17.09.2014;Н;Н;Ч;Н;Н;Ч;Ч;Н
295;17.09.2014;Н;Ч;Н;Ч;Ч;Н;Ч;Ч
296;17.09.2014;Н;Ч;Н;Н;Ч;Ч;Н;Ч
297;17.09.2014;Н;Ч;Ч;Ч;Ч;Н;Ч;Ч
298;17.09.2014;Н;Ч;Ч;Н;Н;Ч;Ч;Н
299;17.09.2014;Н;Ч;Н;Ч;Н;Н;Н;Ч
300;17.09.2014;Ч;Н;Н;Ч;Н;Ч;Н;Ч
301;17.09.2014;Ч;Ч;Ч;Ч;Н;Н;Ч;Ч
302;17.09.2014;Н;Ч;Ч;Ч;Н;Ч;Ч;Н
303;17.09.2014;Ч;Н;Ч;Ч;Ч;Ч;Н;Ч
304;17.09.2014;Н;Ч;Н;Н;Ч;Н;Н;Ч
305;17.09.2014;Ч;Ч;Н;Ч;Ч;Н;Ч;Ч
306;17.09.2014;Ч;Н;Н;Ч;Ч;Ч;Н;Н
307;17.09.2014;Н;Ч;Ч;Н;Н;Ч;Н;Ч
308;17.09.2014;Ч;Н;Ч;Н;Н;Н;Ч;Ч
309;17.09.2014;Н;Ч;Н;Н;Ч;Н;Ч;Ч
310;17.09.2014;Н;Н;Н;Ч;Н;Ч;Н;Ч
311;17.09.2014;Н;Ч;Ч;Н;Ч;Н;Ч;Н
312;17.09.2014;Н;Ч;Ч;Ч;Н;Ч;Н;Ч
313;17.09.2014;Н;Н;Н;Н;Н;Ч;Н;Ч
314;17.09.2014;Ч;Н;Ч;Н;Ч;Н;Ч;Ч
315;17.09.2014;Н;Ч;Ч;Н;Н;Ч;Н;Н
316;17.09.2014;Н;Ч;Н;Н;Ч;Ч;Н;Ч
317;17.09.2014;Н;Ч;Н;Н;Н;Н;Н;Ч
318;17.09.2014;Н;Ч;Н;Ч;Ч;Н;Н;Ч
319;17.09.2014;Н;Н;Ч;Н;Н;Ч;Н;Ч
320;17.09.2014;Ч;Н;Н;Ч;Ч;Н;Ч;Н
321;17.09.2014;Н;Ч;Н;Н;Ч;Н;Ч;Н
322;17.09.2014;Н;Ч;Н;Н;Ч;Ч;Ч;Н
323;17.09.2014;Ч;Н;Ч;Ч;Н;Ч;Ч;Н
324;17.09.2014;Н;Н;Ч;Ч;Н;Ч;Н;Ч
325;17.09.2014;Н;Ч;Н;Н;Н;Ч;Н;Ч
326;17.09.2014;Н;Ч;Н;Н;Ч;Н;Н;Н
327;17.09.2014;Н;Н;Ч;Н;Н;Ч;Ч;Ч
328;17.09.2014;Н;Н;Н;Ч;Ч;Н;Н;Ч
329;17.09.2014;Н;Ч;Н;Н;Ч;Н;Н;Н
330;17.09.2014;Н;Ч;Ч;Н;Ч;Ч;Ч;Ч
331;17.09.2014;Н;Ч;Ч;Ч;Н;Ч;Ч;Ч
332;17.09.2014;Н;Н;Н;Н;Н;Ч;Н;Ч
333;17.09.2014;Ч;Н;Ч;Ч;Н;Н;Ч;Н
334;17.09.2014;Ч;Н;Ч;Ч;Н;Ч;Н;Ч
335;17.09.2014;Н;Ч;Ч;Ч;Н;Ч;Н;Ч
336;17.09.2014;Ч;Ч;Н;Н;Н;Н;Ч;Ч
337;17.09.2014;Ч;Н;Ч;Н;Н;Н;Н;Ч
338;17.09.2014;Н;Н;Ч;Н;Ч;Ч;Н;Ч
339;17.09.2014;Н;Ч;Ч;Н;Ч;Ч;Н;Ч
340;17.09.2014;Ч;Н;Ч;Н;Н;Ч;Н;Ч
341;17.09.2014;Н;Н;Ч;Н;Ч;Н;Ч;Н
342;17.09.2014;Н;Ч;Ч;Н;Ч;Ч;Н;Ч
343;17.09.2014;Н;Ч;Н;Ч;Ч;Ч;Н;Ч
344;17.09.2014;Ч;Ч;Н;Ч;Ч;Ч;Н;Ч
345;17.09.2014;Ч;Н;Ч;Н;Ч;Н;Н;Ч
346;17.09.2014;Н;Н;Н;Н;Ч;Н;Н;Ч
347;17.09.2014;Ч;Н;Ч;Н;Н;Н;Ч;Н
348;17.09.2014;Н;Ч;Ч;Н;Ч;Н;Н;Ч
349;17.09.2014;Н;Ч;Ч;Ч;Н;Ч;Н;Н
350;17.09.2014;Ч;Н;Ч;Н;Ч;Ч;Н;Н
351;17.09.2014;Н;Ч;Н;Ч;Н;Н;Н;Ч
352;17.09.2014;Н;Ч;Ч;Н;Н;Н;Ч;Ч
353;17.09.2014;Н;Ч;Н;Ч;Н;Н;Н;Ч
354;17.09.2014;Н;Ч;Н;Ч;Н;Ч;Н;Ч
355;17.09.2014;Н;Н;Ч;Н;Н;Н;Ч;Ч
356;17.09.2014;Н;Ч;Ч;Н;Н;Н;Н;Ч
357;17.09.2014;Н;Н;Ч;Н;Ч;Н;Ч;Ч
358;17.09.2014;Н;Ч;Ч;Ч;Ч;Н;Ч;Н
359;17.09.2014;Ч;Н;Н;Н;Ч;Н;Ч;Н
360;17.09.2014;Ч;Н;Ч;Н;Н;Ч;Н;Ч
361;17.09.2014;Н;Ч;Н;Н;Н;Ч;Н;Н
362;17.09.2014;Н;Ч;Н;Ч;Ч;Н;Н;Ч
363;17.09.2014;Н;Ч;Н;Ч;Н;Ч;Ч;Н
364;17.09.2014;Н;Н;Н;Ч;Н;Ч;Н;Ч
365;17.09.2014;Н;Ч;Н;Ч;Н;Ч;Н;Ч
366;17.09.2014;Ч;Н;Ч;Н;Ч;Н;Ч;Ч
367;17.09.2014;Н;Ч;Н;Ч;Н;Ч;Н;Н
368;17.09.2014;Н;Ч;Ч;Н;Ч;Н;Н;Ч
369;17.09.2014;Ч;Ч;Н;Ч;Н;Ч;Н;Н
370;17.09.2014;Н;Н;Н;Ч;Н;Н;Ч;Н
371;17.09.2014;Н;Н;Н;Ч;Н;Ч;Н;Ч
372;17.09.2014;Ч;Н;Ч;Ч;Н;Ч;Н;Ч
373;17.09.2014;Н;Н;Ч;Н;Ч;Н;Н;Н
374;17.09.2014;Н;Ч;Н;Н;Н;Н;Ч;Н
375;17.09.2014;Н;Ч;Н;Ч;Н;Ч;Н;Ч
376;17.09.2014;Н;Ч;Ч;Ч;Н;Ч;Н;Н
377;17.09.2014;Ч;Н;Ч;Ч;Н;Н;Н;Н
378;17.09.2014;Н;Ч;Н;Ч;Ч;Ч;Н;Ч
379;17.09.2014;Ч;Ч;Ч;Ч;Ч;Н;Ч;Н
380;17.09.2014;Н;Ч;Н;Ч;Н;Ч;Н;Ч
381;17.09.2014;Н;Ч;Н;Ч;Н;Н;Ч;Ч
382;17.09.2014;Ч;Н;Ч;Ч;Н;Н;Н;Н
383;17.09.2014;Н;Н;Ч;Ч;Н;Н;Н;Ч
384;17.09.2014;Н;Ч;Ч;Ч;Н;Ч;Ч;Н
385;17.09.2014;Ч;Ч;Ч;Ч;Н;Ч;Н;Ч
386;17.09.2014;Ч;Н;Ч;Н;Ч;Н;Ч;Ч
387;17.09.2014;Ч;Н;Ч;Н;Ч;Н;Н;Ч
388;17.09.2014;Н;Ч;Ч;Н;Ч;Ч;Н;Ч
389;17.09.2014;Ч;Ч;Н;Н;Ч;Н;Н;Н
390;17.09.2014;Н;Н;Ч;Н;Ч;Ч;Н;Ч
391;17.09.2014;Н;Ч;Н;Ч;Ч;Н;Ч;Ч
392;17.09.2014;Н;Н;Ч;Ч;Н;Ч;Ч;Ч
393;17.09.2014;Н;Ч;Ч;Н;Н;Ч;Н;Н
394;17.09.2014;Ч;Н;Ч;Н;Ч;Н;Ч;Ч
395;17.09.2014;Н;Ч;Н;Ч;Н;Н;Н;Ч
396;17.09.2014;Ч;Ч;Ч;Н;Н;Н;Ч;Ч
397;17.09.2014;Ч;Н;Н;Н;Ч;Н;Н;Ч
398;17.09.2014;Н;Ч;Ч;Н;Ч;Ч;Ч;Н
399;17.09.2014;Ч;Н;Ч;Н;Н;Ч;Н;Ч
400;17.09.2014;Н;Ч;Н;Н;Н;Н;Ч;Ч
401;17.09.2014;Ч;Н;Ч;Ч;Н;Ч;Н;Н
402;17.09.2014;Н;Ч;Ч;Ч;Н;Н;Ч;Н
403;17.09.2014;Н;Н;Ч;Ч;Н;Ч;Ч;Ч
404;17.09.2014;Н;Ч;Н;Ч;Ч;Н;Ч;Н
405;17.09.2014;Н;Ч;Н;Ч;Н;Н;Н;Ч
406;17.09.2014;Н;Ч;Н;Ч;Ч;Н;Ч;Н
407;17.09.2014;Н;Ч;Ч;Н;Ч;Ч;Н;Ч
408;17.09.2014;Н;Н;Н;Н;Н;Ч;Ч;Н
409;17.09.2014;Н;Ч;Н;Н;Ч;Н;Ч;Ч
410;17.09.2014;Ч;Н;Н;Н;Н;Ч;Н;Ч
411;17.09.2014;Ч;Н;Ч;Ч;Ч;Н;Ч;Н
412;17.09.2014;Ч;Ч;Н;Н;Н;Ч;Ч;Н
413;17.09.2014;Н;Ч;Н;Н;Н;Ч;Ч;Ч
414;17.09.2014;Н;Н;Н;Н;Ч;Н;Ч;Н
415;17.09.2014;Ч;Н;Ч;Н;Ч;Ч;Н;Н
416;17.09.2014;Н;Н;Ч;Н;Ч;Н;Н;Ч
417;17.09.2014;Н;Ч;Н;Н;Н;Н;Ч;Н
418;17.09.2014;Н;Ч;Ч;Н;Ч;Ч;Н;Ч
419;17.09.2014;Н;Н;Ч;Ч;Н;Н;Н;Н
420;17.09.2014;Н;Ч;Ч;Ч;Н;Н;Ч;Н
421;17.09.2014;Н;Н;Ч;Н;Ч;Н;Ч;Н
422;17.09.2014;Н;Ч;Н;Ч;Н;Ч;Ч;Ч
423;17.09.2014;Н;Ч;Н;Н;Ч;Ч;Ч;Н
424;17.09.2014;Н;Ч;Н;Ч;Н;Ч;Н;Н
425;17.09.2014;Н;Н;Ч;Н;Н;Ч;Н;Ч
426;17.09.2014;Н;Ч;Н;Ч;Ч;Ч;Н;Н
427;17.09.2014;Н;Ч;Н;Ч;Ч;Ч;Н;Н
428;17.09.2014;Н;Ч;Н;Ч;Ч;Н;Ч;Н
429;17.09.2014;Н;Н;Ч;Н;Ч;Н;Ч;Ч
430;17.09.2014;Ч;Ч;Н;Ч;Н;Н;Ч;Н
431;17.09.2014;Ч;Н;Н;Н;Н;Ч;Ч;Н
432;17.09.2014;Н;Ч;Н;Н;Н;Ч;Ч;Ч
433;17.09.2014;Ч;Ч;Н;Ч;Ч;Ч;Ч;Н
434;17.09.2014;Н;Ч;Н;Ч;Н;Н;Ч;Н
435;17.09.2014;Ч;Н;Ч;Н;Ч;Ч;Ч;Ч
436;17.09.2014;Ч;Ч;Ч;Ч;Ч;Н;Ч;Н
437;17.09.2014;Ч;Н;Н;Ч;Ч;Н;Ч;Ч
438;17.09.2014;Н;Н;Ч;Н;Н;Ч;Ч;Ч
439;17.09.2014;Н;Ч;Н;Ч;Н;Ч;Ч;Н
440;17.09.2014;Ч;Ч;Н;Ч;Н;Н;Ч;Ч
441;17.09.2014;Н;Ч;Н;Н;Н;Ч;Н;Ч
442;17.09.2014;Н;Ч;Ч;Н;Н;Ч;Ч;Ч
443;17.09.2014;Н;Н;Н;Ч;Ч;Н;Ч;Ч
444;17.09.2014;Н;Ч;Н;Ч;Н;Н;Н;Ч
445;17.09.2014;Н;Ч;Н;Ч;Н;Н;Ч;Н
446;17.09.2014;Н;Ч;Н;Ч;Н;Ч;Ч;Н
447;17.09.2014;Н;Ч;Н;Ч;Н;Ч;Ч;Ч
448;17.09.2014;Ч;Н;Н;Ч;Н;Н;Ч;Н
449;17.09.2014;Н;Ч;Ч;Н;Ч;Н;Ч;Н
450;17.09.2014;Н;Ч;Н;Ч;Н;Ч;Ч;Н
451;17.09.2014;Н;Ч;Н;Ч;Ч;Ч;Н;Ч
452;17.09.2014;Ч;Ч;Н;Ч;Н;Ч;Н;Ч
453;17.09.2014;Н;Н;Ч;Ч;Ч;Н;Ч;Н
454;17.09.2014;Н;Ч;Ч;Н;Ч;Н;Ч;Ч
455;17.09.2014;Н;Ч;Н;Ч;Ч;Н;Ч;Ч
456;17.09.2014;Ч;Н;Ч;Ч;Ч;Н;Ч;Ч
457;18.09.2014;Н;Ч;Н;Н;Ч;Н;Ч;Н
458;18.09.2014;Н;Н;Ч;Н;Н;Ч;Н;Ч
459;18.09.2014;Н;Ч;Ч;Н;Н;Ч;Н;Н
460;18.09.2014;Ч;Ч;Н;Ч;Ч;Н;Н;Н
461;18.09.2014;Н;Ч;Н;Ч;Н;Ч;Н;Ч
462;18.09.2014;Н;Ч;Н;Н;Ч;Н;Ч;Ч
463;18.09.2014;Ч;Н;Ч;Ч;Ч;Н;Ч;Н
464;18.09.2014;Н;Н;Н;Н;Н;Н;Ч;Н
465;18.09.2014;Н;Ч;Ч;Ч;Ч;Н;Н;Н
466;18.09.2014;Н;Ч;Н;Ч;Ч;Ч;Ч;Н
467;18.09.2014;Ч;Ч;Н;Н;Ч;Ч;Н;Ч
468;18.09.2014;Н;Н;Ч;Н;Ч;Н;Н;Ч
469;18.09.2014;Ч;Н;Н;Н;Ч;Н;Ч;Н
470;18.09.2014;Н;Н;Н;Ч;Ч;Н;Ч;Ч
471;18.09.2014;Н;Н;Н;Н;Ч;Н;Ч;Н
472;18.09.2014;Н;Ч;Ч;Ч;Ч;Н;Ч;Н
473;18.09.2014;Ч;Ч;Н;Н;Ч;Н;Н;Ч
474;18.09.2014;Ч;Н;Н;Н;Ч;Н;Н;Ч
475;18.09.2014;Ч;Н;Ч;Н;Ч;Ч;Ч;Н
476;18.09.2014;Ч;Ч;Н;Ч;Ч;Н;Ч;Н
477;18.09.2014;Н;Ч;Н;Н;Ч;Ч;Н;Ч
478;18.09.2014;Н;Ч;Н;Ч;Н;Н;Ч;Н
479;18.09.2014;Н;Ч;Н;Ч;Н;Н;Н;Н
480;18.09.2014;Н;Н;Ч;Н;Н;Н;Ч;Ч
481;18.09.2014;Ч;Ч;Ч;Н;Н;Ч;Ч;Ч
482;18.09.2014;Ч;Ч;Н;Ч;Ч;Н;Ч;Ч
483;18.09.2014;Н;Н;Н;Ч;Н;Ч;Ч;Ч
484;18.09.2014;Н;Н;Н;Н;Ч;Н;Н;Ч
485;18.09.2014;Ч;Ч;Ч;Ч;Ч;Н;Н;Ч
486;18.09.2014;Ч;Ч;Н;Ч;Ч;Ч;Н;Ч
487;18.09.2014;Н;Ч;Н;Н;Ч;Н;Н;Ч
488;18.09.2014;Н;Н;Ч;Н;Ч;Н;Ч;Ч
489;18.09.2014;Ч;Н;Ч;Н;Н;Ч;Н;Ч
490;18.09.2014;Н;Ч;Ч;Ч;Н;Ч;Ч;Н
491;18.09.2014;Н;Н;Ч;Н;Ч;Н;Н;Н
492;18.09.2014;Н;Ч;Н;Ч;Ч;Н;Ч;Н
493;18.09.2014;Ч;Ч;Н;Н;Ч;Н;Ч;Н
494;18.09.2014;Н;Н;Н;Н;Н;Ч;Н;Ч
495;18.09.2014;Ч;Ч;Ч;Н;Н;Ч;Ч;Ч
496;18.09.2014;Ч;Н;Н;Ч;Н;Ч;Н;Н
497;18.09.2014;Н;Н;Н;Н;Ч;Ч;Ч;Ч
498;18.09.2014;Н;Ч;Н;Ч;Ч;Ч;Н;Ч
499;18.09.2014;Ч;Ч;Н;Ч;Н;Н;Ч;Н
500;18.09.2014;Н;Ч;Ч;Ч;Н;Н;Н;Ч
